id;nom;pays;region;ville;site_web;email;telephone;contact_nom;statut;tier;score;produit_match;certifications;moq;prix_exw_eur;incoterm;delai;date_contact;date_relance;source;notes
IT-01;Converting & Trade Srl (Paper Line);Italie;UE;;convertingtradesrl.com;;;;À contacter;1;;Pocket airlaid private label jusqu'à 4 couleurs;;;;;;;;Enquête Italie;Maîtrise bobine mère→palette; voir aussi paperline.it
IT-02;Pierrot Srl;Italie;UE;Favaro Veneto (VE);;commerciale@pierrotsrl.it;+39 041 635454;;À contacter;1;;Pocket 40x40 piega 1/8 personnalisable 1-2 couleurs;PEFC (FSC sur demande);;;;;;;Enquête Italie;~40 ans; HoReCa/GDO; Via Altinia 168
IT-03;Lucart;Italie;UE;Toscane;lucartgroup.com;;;;À contacter;1;;Airlaid gros volumes (substrat + fini);FSC;;;;;;;Rapport pays;Un des plus gros producteurs airlaid UE
IT-04;Cartotecnica Sci;Italie;UE;;cartotecnicasci.it;;;;Réserve;2;;Tasca airlaid logo 1 couleur (50 g);;;;;;;;Enquête Italie;Échantillons / petits lots
IT-05;Ristograf;Italie;UE;;ristograf.com;;;;Réserve;2;;Pocket airlaid 1/8 impression 1 couleur;;5760;;;40-45 j ouvrés;;;Enquête Italie;MOQ 12 cartons
ES-06;García de Pou;Espagne;UE;;garciadepou.com;;;;À contacter;1;;Étalon qualité airlaid Dry Cotton (Kangaroo);;;;;;;;Rapport pays;Benchmark qualité ET fournisseur potentiel
ES-07;La Pajarita;Espagne;UE;;;;;;À contacter;2;;Serviettes/nappes papier;;;;;;;;Rapport pays;Principal fabricant espagnol serviettes/nappes
ES-08;Bopapel;Espagne;UE;;;;;;À contacter;2;;Produits papier 20+ ans;;;;;;;;Rapport pays;
PL-09;PAW (PAW Decor Collection);Pologne;UE;Suchy Las;pawdecor.com;office@pawdecor.com;;;À contacter;1;;Etui na sztućce 40x40 1/8 airlaid; flexo 6 couleurs / numérique 5;Encres éco certifiées;;;;;;;Enquête Pologne;ul. Nektarowa 9; private label; aussi paw.net.pl
PL-10;Pol-Mak;Pologne;UE;Iława;pol-mak.com.pl;;;;À contacter;1;;Gamme HRC airlaid 40x40; private label;;;;;;;;Enquête Pologne;~150 M serviettes/mois
PL-11;Hanke Tissue;Pologne;UE;Kostrzyn nad Odrą;hanketissue.pl;;+48 95 713 1300;;À contacter;1;;Airlaid unicolore + impression custom; ligne Aha Professional;;;;;;;;Enquête Pologne;~35 000 t/an; ul. Fabryczna 1
PL-12;Robimax;Pologne;UE;;robimax.com.pl;;;;À contacter;2;;Etui sztućce 39x39 tissue/airlaid; perso dès 6 000;;6000;;;;;;Enquête Pologne;
PL-13;Artek;Pologne;UE;;bibula.pl;;;;À contacter;2;;Airlaid + cellulose; impression logo;;;;;;;;Enquête Pologne;Depuis 1998
PL-14;Napkins Sp.;Pologne;UE;;napkins.com.pl;;;;Réserve;2;;Surtout tissue 16-19 g; airlaid à confirmer;FSC / ISEGA / EU Ecolabel;;;;;;;Enquête Pologne;Flexo 1-3 couleurs; direct usine
PL-15;Higiena Serwis;Pologne;UE;;higienaserwis.pl;;+48 510 110 000;;Réserve;3;;Impression à la demande; airlaid dès 12 000;;12000;;;;;;Enquête Pologne;Distributeur/imprimeur (échantillons)
DE-16;Mank;Allemagne;UE;;mank.de;;;;Réserve;1;;Linclass-Airlaid premium;;;;;;;;Rapport pays;Qualité haut de gamme; prix élevé
DE-17;Duni;Suède/Allemagne;UE;;duni.com;;;;Benchmark;;;Dunisoft = référence 55-60 g;;;;;;;;Rapport pays;Étalon qualité (pas low cost)
TR-18;(À sourcer — Europages Turquie);Turquie;Hors UE;;;;;;À sourcer;;;Airlaid pocket — challenger prix;;;;;;;;Rapport pays;Union douanière UE; contrat en EUR
CN-19;Jinan Huaao Nonwoven Technology;Chine;Asie;Jinan (Shandong);huaaonapkin.com;;;;À contacter;1;85;PRODUIT EXACT: 40x40 55g pocket couteau/fourchette logo 1 couleur;ISO/FSC à confirmer;;;;;;;Enquête Chine;Export France; usine ~6 000 m²; 10 ans; plis 1/4→1/16; 55-80 g
CN-20;Zhejiang Huzhou Shuangjie Paper;Chine;Asie;Anji (Zhejiang);shuangjiepaper.com;;;;À contacter;1;83;Pocket 40x40 & 42x40 préplié logo; fabrique le papier de base;;;;;;;;Enquête Chine;Baishuiwan Industry Park; intégration substrat+conversion
CN-21;Shanghai Clean Paper;Chine;Asie;Shanghai (Fengxian);ecleanpaper.com;;;;À contacter;1;80;Pocket couteau/fourchette; taille/grammage/pli custom;ISO/FSC/CE/FDA (à vérifier);;;;;;;Enquête Chine;Échantillons gratuits (fret client); No.5001 Daye Hwy
CN-22;Guangzhou Junqian Nonwoven (Foshan Guide Textile);Chine;Asie;Foshan (Guangdong);guideco.cn;sales2@guideco.cn;+86-757-85700009;;À contacter;1;79;Airlaid OEM; pocket 55 g à confirmer;;;;;;;;Enquête Chine;Usine 58 500 m²; grosse capacité
CN-23;Zhejiang Manerxi Technology;Chine;Asie;Jiaxing;papersnapkin.com;;;;À contacter;1;76;Airlaid imprimé; pâte vierge/bambou;FSC + ISO 9001;;;;;;;Enquête Chine;No.11 Kappa Rd
CN-24;Wellpaper Industrial (ZEADEER);Chine;Asie;Qingdao (Shandong);;;;;À contacter;2;73;Airlaid pocket + guest towels;;;;;;;;Enquête Chine;Export Europe/US/Australie/M-O; statut usine à vérifier
CN-25;JEENOR;Chine;Asie;;nonwovenwipers.com;;;;À contacter;2;72;Airlaid catering aérien (tray liners, napkins);;;;;;;;Enquête Chine;Usines auditées par nature (aérien)
CN-26;Sansheng (tissuepapersupplier.com);Chine;Asie;;tissuepapersupplier.com;;;;À contacter;2;71;Airlaid napkins OEM; MOQ 1 conteneur;;;;;;;;Enquête Chine;15+ ans export UE
CN-27;Hangzhou Wipex Nonwovens;Chine;Asie;Hangzhou (Yuhang);;;;;À vérifier;2;;Non-tissé/airlaid;;;;;;;;Enquête Chine;650 Wangmei Road
CN-28;Hefei Telijie Sanitary Material;Chine;Asie;Hefei (Anhui);;;;;À vérifier;2;;Matériaux sanitaires; airlaid;;;;;;;;Enquête Chine;Telijie Industrial Park
CN-29;WD Paper;Chine;Asie;;wd-paper.com;;;;À vérifier;2;;Airlaid dust-free napkins OEM;;;;;;;;Enquête Chine;
CN-30;Share-Win;Chine;Asie;Hangzhou;nonwoven-wipes.com;;;;À vérifier;2;;Airlaid/spunlace;;;;;;;;Enquête Chine;Échantillons gratuits
CN-31;Jiangmen Xinheng Tissue;Chine;Asie;Jiangmen (Guangdong);;;;;À vérifier;2;;Tissue/serviettes;;;;;;;;Enquête Chine;
CN-32;Baoda Paper Enterprise;Chine;Asie;Guangdong;;;;;À vérifier;2;;Tissue/napkins;;;;;;;;Enquête Chine;Établi 1999
CN-33;Qingdao Evershine Group;Chine;Asie;Qingdao;;;;;À vérifier;2;;Tissue/napkin/pocket paper;;;;;;;;Enquête Chine;Gros exportateur
CN-34;Quanzhou Yaosheng Paper Products;Chine;Asie;Quanzhou (Fujian);;;;;À vérifier;2;;Produits papier;;;;;;;;Enquête Chine;
CN-35;Fujian Hui'an Hecheng Household Products;Chine;Asie;Hui'an (Fujian);;;;;À vérifier;2;;Produits ménagers papier;;;;;;;;Enquête Chine;
CN-36;Dongguan Joshee Care Industrial;Chine;Asie;Dongguan;;;;;À vérifier;2;;Hygiène/care;;;;;;;;Enquête Chine;
CN-37;Ningbo Yilong Houseware;Chine;Asie;Ningbo;;;;;À vérifier;2;;Houseware/serviettes;;;;;;;;Enquête Chine;
CN-38;Hangzhou Kleenshare Commodity;Chine;Asie;Hangzhou;;;;;À vérifier;2;;Airlaid napkins (statut à vérifier);;;;;;;;Enquête Chine;Nom «Commodity» = vigilance trader
CN-39;Ningbo Million Pack;Chine;Asie;Ningbo;;;;;À vérifier;2;;Airlaid napkins + packaging;;;;;;;;Enquête Chine;
CN-40;Dongguan Wanjiang Fenjie Paper Factory;Chine;Asie;Dongguan;;;;;À vérifier;2;;Transformateur papier OEM 10+ ans;;;;;;;;Enquête Chine;Export Europe (source chinoise)
CN-41;Victor Group;Chine;Asie;;;;;;Substrat;3;;Substrat airlaid + produits finis;;;;;;;;Enquête Chine;Major du napkin airlaid
CN-42;Zhongsi (Shanghai) New Material Tech;Chine;Asie;Shanghai;;;;;Substrat;3;;Substrat airlaid;;;;;;;;Enquête Chine;
CN-43;Nanning Qiaohong New Materials;Chine;Asie;Nanning (Guangxi);;;;;Substrat;3;;Substrat airlaid;;;;;;;;Enquête Chine;
CN-44;Ningbo Qixing Nonwoven;Chine;Asie;Ningbo;;;;;Substrat;3;;Substrat airlaid;;;;;;;;Enquête Chine;
CN-45;Yilide Paper;Chine;Asie;;;;;;Substrat;3;;Substrat airlaid;;;;;;;;Enquête Chine;
CN-46;Top Napkin;Chine;Asie;;topnapkin.com;;;;Écarté;4;;;;;;;;;;Enquête Chine;TRADER auto-déclaré (7 fournisseurs)
CN-47;Xiamen C&D Paper and Pulp;Chine;Asie;Xiamen;;;;;Écarté;4;;;;;;;;;;Enquête Chine;Bras trading d'État
CN-48;Hangzhou Meshine / Shanghai Fiber Han / Quanzhou Shanying / Quanzhou Welldone / Quanzhou Xingyuan / Lianyungang Eternity / Xiamen Qiaodou / Shenzhen Telling / Hangzhou Haiji;Chine;Asie;;;;;;Écarté;4;;;;;;;;;;Enquête Chine;Lot de traders écartés (Imp&Exp / Supply Chain / Commodity)
NA-49;Fine Hygienic Holding;Égypte + Maroc;Afrique du Nord;;fine-hh.com;;;;À vérifier;V;66;Airlaid pocket = à vérifier (tissue premium sinon);;;;;;;;Enquête Afrique du Nord;5 papeteries ~210 000 t/an; usine de transformation au Maroc; seul plausible airlaid
NA-50;Groupe SAH Lilas / Azur Papier;Tunisie;Afrique du Nord;Tunis / Zriba;;;+216 71 809 222;;À vérifier;V;62;Airlaid = à vérifier (ouate sinon);Pâte FSC;;;;;;;Enquête Afrique du Nord;Leader maghrébin; Z.I. N°4 Zriba
NA-51;Eczacıbaşı / Jeesr Industries;Maroc;Afrique du Nord;Berrechid / Casablanca;;;;;À vérifier;V;62;Airlaid = à vérifier (tissue sinon);;;;;;;;Enquête Afrique du Nord;N°1 marocain (groupe turc); Tanger Med 3-7 j vers France
NA-52;Faderco (usine Warak);Algérie;Afrique du Nord;Alger / Sétif;faderco.dz;;;;À vérifier;V;56;Airlaid = à vérifier (ouate sinon);ISO 9001 (2010);;;;;;;Enquête Afrique du Nord;Plus grande usine ouate du Maghreb; exporte 6 pays
NA-53;Solo Soft / Sipat / TQM / Fresh / SAH Algérie;Égypte-Maroc-Algérie;Afrique du Nord;;;;;;Réserve ouate;R;;Tissue/ouate uniquement — pour future gamme économique;;;;;;;;Enquête Afrique du Nord;À réactiver quand catalogue ouate
